Label,# Samples,Average,Min,Max,Std. Dev.,Error %,Throughput,Received KB/sec,Sent KB/sec,Avg. Bytes
Email Login,1000,49765,111,99596,28546.97,0.000%,9.23677,9.48,2.56,1051.0
Brands by Categories,1000,7793,9,37802,11481.88,0.000%,9.10216,8.60,4.08,967.0
Brands,1000,321,4,36546,2553.55,0.000%,9.12684,16.23,4.06,1821.0
Offers,1000,283,3,37483,2258.22,0.000%,9.15298,12.06,4.07,1349.0
TOTAL,4000,14541,3,99596,25739.88,0.000%,36.36827,46.06,14.68,1297.0
